{
	"materials": [],
	"meshes": [
		{
			"name": "Moon",
			"id": "441d25a7-d9c2-4c32-9e94-8129a0cff4cc",
			"uniqueId": 10,
			"type": "Mesh",
			"position": [
				-136.04803466796875,
				-39.44723892211914,
				279.6141052246094
			],
			"rotationQuaternion": [
				0.026039107497942204,
				-0.7722605115385003,
				0.03171834142726878,
				0.6339791751913929
			],
			"scaling": [
				25.000000194476197,
				25.00000069301021,
				24.9999998436442
			],
			"localMatrix": {
				"0": 1,
				"1": 0,
				"2": 0,
				"3": 0,
				"4": 0,
				"5": 1,
				"6": 0,
				"7": 0,
				"8": 0,
				"9": 0,
				"10": 1,
				"11": 0,
				"12": 0,
				"13": 0,
				"14": 0,
				"15": 1
			},
			"isEnabled": true,
			"isVisible": true,
			"infiniteDistance": false,
			"pickable": true,
			"receiveShadows": false,
			"billboardMode": 0,
			"visibility": 1,
			"checkCollisions": false,
			"isBlocker": false,
			"overrideMaterialSideOrientation": null,
			"isUnIndexed": false,
			"geometryId": "c1cf1f13-f72c-4bd2-9402-08a394904c08",
			"subMeshes": null,
			"materialId": "8fda0916-f682-4d0c-b1e3-bcb380fe73f7",
			"metadata": {
				"basePoseMatrix": {
					"0": 1,
					"1": 0,
					"2": 0,
					"3": 0,
					"4": 0,
					"5": 1,
					"6": 0,
					"7": 0,
					"8": 0,
					"9": 0,
					"10": 1,
					"11": 0,
					"12": 0,
					"13": 0,
					"14": 0,
					"15": 1
				},
				"originalSourceFile": {
					"id": "Model::Moon",
					"name": "Model::Moon",
					"sceneFileName": "Moon 2K.fbx"
				},
				"isPickable": true,
				"script": {
					"name": "src/scenes/spin.ts"
				},
				"renderingGroupId": 0,
				"doNotExport": false
			},
			"instances": [],
			"animations": [],
			"ranges": [],
			"layerMask": 268435455,
			"alphaIndex": 1.7976931348623157e+308,
			"hasVertexAlpha": false,
			"overlayAlpha": 0.3,
			"overlayColor": [
				1,
				0,
				0
			],
			"applyFog": true,
			"delayLoadingFile": "geometries/c1cf1f13-f72c-4bd2-9402-08a394904c08.babylonbinarymeshdata",
			"boundingBoxMaximum": [
				1.7422298192977905,
				1.7457205057144165,
				1.7399461269378662
			],
			"boundingBoxMinimum": [
				-1.7422298192977905,
				-1.7457207441329956,
				-1.7399461269378662
			],
			"_binaryInfo": {
				"positionsAttrDesc": {
					"count": 6912,
					"stride": 3,
					"offset": 0,
					"dataType": 1
				},
				"normalsAttrDesc": {
					"count": 6912,
					"stride": 3,
					"offset": 27648,
					"dataType": 1
				},
				"uvsAttrDesc": {
					"count": 4608,
					"stride": 2,
					"offset": 55296,
					"dataType": 1
				},
				"indicesAttrDesc": {
					"count": 2304,
					"stride": 1,
					"offset": 73728,
					"dataType": 0
				},
				"subMeshesAttrDesc": {
					"count": 1,
					"stride": 5,
					"offset": 82944,
					"dataType": 0
				}
			},
			"positions": null,
			"normals": null,
			"uvs": null,
			"hasUVs": true,
			"indices": null
		}
	],
	"multiMaterials": [],
	"lods": []
}